email,senha
0.4560261546845271@mail.com,user123          
0.20755224033562916@mail.com,user123           
0.7468106955225898@mail.com,user123           
0.642852907578507@mail.com,user123             
0.13717922450470005@mail.com,user123           
0.9391902901305947@mail.com,user123            
0.5177700768368716@mail.com,user123            
0.24540100433923256@mail.com,user123           
0.8580719784685956@mail.com,user123            
0.5371762589597425@mail.com,user123            
0.12398799685788886@mail.com,user123           
0.8155967060084126@mail.com,user123            
0.9708357351663844@mail.com,user123            
0.4576143772111565@mail.com,user123           
0.32133786620703386@mail.com,user123           
0.9208812541999614@mail.com,user123            
0.38446038535961846@mail.com,user123           
0.49199745153209906@mail.com,user123           
0.3526727543102953@mail.com,user123            
0.7687823397237951@mail.com,user123           
0.5175761105144941@mail.com,user123            
0.5299159405454068@mail.com,user123            
0.7261696688648348@mail.com,user123            
0.7523236377542157@mail.com,user123            
0.7814269796271044@mail.com,user123            
0.24171704659317064@mail.com,user123           
0.44208223408754443@mail.com,user123           
0.944947146022148@mail.com,user123             
0.10766160416985597@mail.com,user123           
0.5157246109660907@mail.com,user123            
0.06839540730493344@mail.com,user123           
0.8723124645669893@mail.com,user123            
0.38178143319004154@mail.com,user123           
0.8464670227994016@mail.com,user123            
0.39677020725941003@mail.com,user123           
0.24707493002708017@mail.com,user123           
0.047502496787067756@mail.com,user123          
0.16340502416625208@mail.com,user123           
0.16501259909645996@mail.com,user123           
0.3687780413911934@mail.com,user123            
0.6526008651683903@mail.com,user123            
0.24757818492121247@mail.com,user123           
0.32042112062512274@mail.com,user123           
0.21644104837764036@mail.com,user123           
0.9232866555318534@mail.com,user123            
0.17756408883934707@mail.com,user123           
0.4843793504471973@mail.com,user123            
0.07487166563091474@mail.com,user123           
0.5215316383793152@mail.com,user123            
0.5374242205657017@mail.com,user123            
0.9762833813627071@mail.com,user123            
0.2497709737436215@mail.com,user123            
0.2953049870749822@mail.com,user123            
0.8371450273699335@mail.com,user123